vectors in Rn,Spans,Linear Dependance,Dot and Cross Products,Systems of Equations,Matrices,Matrix Vector Products,Null Space,Column Space,Subspaces,Basis for a subspace,Dimension of a subspace,Linear Transformations,Examples of Linear Transformations,Composition and Multiplication,Inverse,Determinants,Systems,Eigens,Quadradic
,,W13 2a,W13 3a,W13 4a,W13 1a,W13 1c,A12 2a,W13 5a,W13 7a,W13 1b,W13 5b,S12 1c,S12 7g,,,,,,,
,,W13 2b,W13 3b,W13 4b,W13 6b,A12 4e,A12 4f,A12 1b,A12 4b,A12 3b,W13 6a,S12 6a,S12 7h,,,,,,,
,,S12 7c,W13 3c,W13 7b,S12 2a,S12 4b,,A12 2b,A12 4g,A12 3c,W13 6c,S12 6b,S12 7i,,,,,,,
,,S12 7d,W13 6e,W13 8a,,S12 5b,,,,S12 1b,W13 6d,,S12 7j,,,,,,,
,,,A12 3a,W13 8b,,S12 7a,,,,S12 4a,A12 4c,,,,,,,,,
,,,A12 6a,A12 1a,,S12 7b,,,,S12 4b,A12 5a,,,,,,,,,
,,,A12 6c,A12 4a,,,,,,S12 4c,A12 5b,,,,,,,,,
,,,S12 3a,A12 4h,,,,,,S12 4d,S12 2b,,,,,,,,,
,,,S12 7e,A12 6b,,,,,,,,,,,,,,,,
,,,S12 7f,S12 1a,,,,,,,,,,,,,,,,
,,,,S12 3b,,,,,,,,,,,,,,,,
,,,,S12 3c,,,,,,,,,,,,,,,,
,,,,S12 5a,,,,,,,,,,,,,,,,